integration,status,passed,failed,errors,skipped,engaged
abode,main,48,0,0,0,0
acaia,issues,6,18,6,0,7
accuweather,timeout,0,0,0,0,0
acmeda,issues,4,4,1,0,4
actron_air,issues,29,20,17,0,32
adax,issues,15,5,1,0,15
adguard,issues,30,6,1,0,5
advantage_air,issues,3,17,0,0,18
aemet,timeout,0,0,0,0,0
aftership,pass,5,0,0,0,5
agent_dvr,main,6,0,0,0,0
ai_task,no_op,28,0,0,0,0
aidot,issues,8,8,0,0,11
air_quality,timeout,0,0,0,0,0
airgradient,issues,27,20,9,0,40
airly,issues,10,12,0,0,19
airnow,issues,5,5,0,0,3
airobot,issues,43,19,0,0,18
airos,issues,30,41,28,0,56
airpatrol,issues,24,1,0,0,7
airq,issues,18,5,0,0,8
airthings,issues,7,5,0,0,10
airthings_ble,issues,0,39,10,0,22
airtouch4,main,5,0,0,0,1
airtouch5,issues,4,1,0,0,4
airvisual,issues,11,5,0,0,13
airvisual_pro,issues,10,2,0,0,7
airzone,issues,29,9,1,0,34
airzone_cloud,issues,22,5,0,0,24
aladdin_connect,issues,2,31,8,0,23
alarm_control_panel,pass,1403,0,0,0,2
alarmdecoder,issues,6,2,1,0,5
alert,issues,15,3,0,0,0
alexa,main,277,0,0,0,0
alexa_devices,no_tests,0,0,0,0,0
altruist,issues,5,6,0,0,8
amberelectric,issues,29,10,0,0,21
ambient_network,issues,4,3,0,0,6
ambient_station,issues,2,2,0,0,3
analytics,no_op,56,0,0,0,0
analytics_insights,issues,13,7,0,0,16
android_ip_webcam,main,10,0,0,0,0
androidtv,issues,22,57,1,0,72
androidtv_remote,issues,12,28,1,0,29
anglian_water,no_tests,0,0,0,0,0
anova,issues,8,3,0,0,9
anthemav,issues,8,4,0,0,4
anthropic,issues,110,7,0,0,0
aosmith,issues,28,5,0,0,2
apache_kafka,main,6,0,0,0,0
apcupsd,issues,29,6,0,0,10
api,main,58,0,0,0,0
apple_tv,issues,36,38,20,0,1
application_credentials,issues,15,11,6,0,0
apprise,main,7,0,0,0,0
aprilaire,pass,4,0,0,0,1
aprs,main,19,0,0,0,0
apsystems,issues,6,7,0,0,13
aquacell,issues,1,17,11,0,7
aqualogic,main,9,0,0,0,0
aqvify,no_tests,0,0,0,0,0
aranet,issues,1,18,8,0,5
arcam_fmj,issues,76,9,0,0,9
arve,issues,1,4,0,0,3
arwn,main,10,0,0,0,0
aseko_pool_live,issues,10,3,0,0,1
assist_pipeline,issues,120,2,0,0,0
assist_satellite,no_op,766,0,0,0,0
asuswrt,issues,38,23,0,0,31
atag,issues,8,6,0,0,12
august,main,72,0,0,0,0
aurora,issues,1,3,0,0,1
aurora_abb_powerone,issues,1,6,3,0,4
aussie_broadband,issues,10,4,0,0,10
autarco,issues,4,9,0,0,10
auth,main,67,0,0,0,0
automation,timeout,0,0,0,0,0
autoskope,issues,17,5,6,0,18
avea,issues,9,16,5,0,3
awair,issues,12,12,1,0,14
aws,issues,2,8,0,0,20
aws_s3,issues,29,22,15,0,10
axis,main,73,0,0,0,0
azure_data_explorer,issues,15,3,0,0,3
azure_devops,issues,16,4,0,0,12
azure_event_hub,issues,20,1,0,0,4
azure_storage,issues,20,5,0,0,11
backblaze_b2,issues,53,24,0,0,12
backup,issues,424,11,0,0,1
baf,issues,4,4,0,0,2
balboa,issues,27,15,2,0,25
bang_olufsen,issues,75,27,0,0,29
battery,no_op,1747,0,0,0,0
bayesian,issues,44,4,0,0,0
binary_sensor,issues,24,2,0,0,2
blackbird,main,16,0,0,0,0
blebox,issues,88,89,26,0,149
blink,main,21,0,0,0,0
blue_current,issues,16,12,0,0,24
bluemaestro,issues,0,11,5,0,1
blueprint,main,67,0,0,0,0
bluesound,issues,35,4,0,0,3
bluetooth,issues,177,74,6,1,65
bluetooth_adapters,no_op,1,0,0,0,0
bluetooth_le_tracker,no_op,6,0,0,0,0
bmw_connected_drive,main,1,0,0,0,0
bond,issues,11,130,3,0,121
bosch_alarm,issues,41,80,6,0,86
bosch_shc,issues,5,11,0,0,1
brands,issues,36,0,36,0,0
braviatv,issues,0,20,16,0,1
bring,main,72,0,0,0,0
broadlink,issues,63,41,0,0,72
brother,issues,14,19,0,0,23
brottsplatskartan,issues,1,3,0,0,1
brunt,issues,6,2,0,0,2
bryant_evolution,issues,18,6,0,0,4
bsblan,no_tests,0,0,0,0,0
bthome,issues,0,110,10,0,91
buienradar,main,13,0,0,0,0
button,issues,51,1,0,0,1
caldav,main,111,0,0,0,0
calendar,issues,154,4,120,0,2
cambridge_audio,issues,14,38,0,0,49
camera,no_op,99,0,0,0,0
canary,main,12,0,0,0,0
casper_glow,issues,29,38,5,0,29
cast,issues,27,61,1,0,61
ccm15,issues,0,0,4,0,0
centriconnect,issues,0,11,0,0,2
cert_expiry,issues,3,21,2,0,16
chacon_dio,issues,12,4,0,0,16
chef_iq,no_tests,0,0,0,0,0
chess_com,issues,4,5,0,0,7
cielo_home,issues,7,4,0,0,11
citybikes,main,2,0,0,0,0
clicksend_tts,main,2,0,0,0,0
climate,issues,3623,8,0,0,8
cloud,issues,429,6,1,0,0
cloudflare,issues,10,4,0,0,7
cloudflare_r2,issues,55,4,0,0,24
co2signal,issues,11,5,0,0,7
coinbase,issues,9,7,0,0,10
color_extractor,pass,12,0,0,0,1
comelit,issues,65,30,4,0,82
comfoconnect,main,1,0,0,0,0
command_line,issues,0,0,2,0,0
compensation,issues,15,1,0,0,0
compit,issues,75,20,0,0,91
concord232,main,22,0,0,0,0
config,issues,151,55,13,0,3
configurator,main,8,0,0,0,0
control4,issues,51,3,0,0,11
conversation,issues,195,14,0,0,0
cookidoo,issues,52,5,0,0,0
coolmaster,pass,37,0,0,0,2
counter,no_op,777,0,0,0,0
cover,no_op,2358,0,0,0,0
cpuspeed,pass,8,0,0,0,4
crownstone,issues,4,7,7,0,4
cync,issues,7,12,0,0,8
daikin,issues,10,23,0,0,25
data_grand_lyon,no_tests,0,0,0,0,0
datadog,issues,9,3,0,0,9
date,main,1,0,0,0,0
datetime,main,1,0,0,0,0
deako,issues,1,12,2,0,10
debugpy,main,3,0,0,0,0
deconz,issues,91,84,5,1,101
decora_wifi,issues,10,3,0,0,11
default_config,main,1,0,0,0,1
deluge,issues,6,1,0,0,2
demo,main,183,0,0,0,2
denon_rs232,issues,16,7,6,0,3
denonavr,issues,5,13,0,0,7
derivative,no_op,76,0,0,0,0
devialet,issues,6,7,0,0,10
device_automation,no_op,76,0,0,0,0
device_sun_light_trigger,main,5,0,0,0,0
device_tracker,issues,61,41,0,0,41
devolo_home_control,issues,22,20,0,0,37
devolo_home_network,issues,2,50,6,0,44
dexcom,issues,7,3,0,0,6
dhcp,no_op,43,0,0,0,0
diagnostics,no_op,6,0,0,0,0
dialogflow,main,17,0,0,0,0
directv,issues,13,11,0,0,14
discord,issues,9,2,0,0,5
discovergy,issues,21,4,0,0,10
dlink,issues,9,6,1,0,12
dlna_dmr,issues,32,40,9,0,17
dlna_dms,issues,37,18,39,0,6
dnsip,issues,8,14,0,0,19
door,no_op,806,0,0,0,0
doorbell,no_op,41,0,0,0,0
doorbird,main,38,0,0,0,0
dormakaba_dkey,issues,0,14,6,0,0
downloader,issues,20,1,0,0,3
dremel_3d_printer,main,14,0,0,0,0
drop_connect,issues,1,29,1,0,23
dropbox,issues,19,14,7,0,8
droplet,issues,1,1,16,0,0
dsmr,issues,2,72,12,0,60
dsmr_reader,issues,4,5,1,0,4
duckdns,issues,11,7,0,0,6
duco,issues,3,0,130,0,2
dunehd,issues,5,1,0,0,3
duotecno,issues,4,1,0,0,3
dwd_weather_warnings,issues,2,9,0,0,9
dynalite,issues,2,31,7,0,24
eafm,issues,17,1,0,0,16
earn_e_p1,issues,19,6,0,0,22
easyenergy,issues,61,9,0,0,6
ecobee,issues,67,22,0,0,55
ecoforest,issues,2,2,0,0,2
econet,issues,3,1,0,0,2
ecovacs,issues,70,6,48,0,24
ecowitt,issues,0,1,1,0,0
edifier_infrared,issues,15,15,0,0,0
edl21,issues,1,1,0,0,2
efergy,issues,8,4,0,0,8
egauge,issues,14,2,0,0,12
eheimdigital,issues,37,43,10,0,78
eight_sleep,main,1,0,0,0,0
ekeybionyx,issues,6,7,5,0,1
electrasmart,pass,7,0,0,0,2
electric_kiwi,issues,2,16,4,0,14
elevenlabs,main,47,0,0,0,0
elgato,issues,23,13,0,0,9
elkm1,issues,0,46,26,0,1
elmax,issues,21,8,1,0,9
elvia,issues,0,9,9,0,0
emoncms,issues,7,9,0,0,12
emoncms_history,main,3,0,0,0,0
emonitor,issues,4,3,0,0,1
emulated_hue,issues,46,0,33,0,0
emulated_kasa,main,7,0,0,0,0
emulated_roku,issues,3,4,2,0,2
energenie_power_sockets,issues,6,7,0,0,9
energieleser,no_tests,0,0,0,0,0
energy,no_op,216,0,0,0,0
energyid,issues,53,28,10,0,44
energyzero,issues,34,7,0,0,5
enigma2,issues,6,20,0,0,26
enocean,issues,3,11,7,0,2
enphase_envoy,issues,171,65,9,0,231
envertech_evt800,issues,1,3,0,0,3
environment_canada,issues,36,1,31,0,0
envisalink,main,31,0,0,0,0
epic_games_store,issues,14,6,0,0,8
epion,issues,3,1,0,0,4
epson,issues,2,3,0,0,2
eq3btsmart,issues,0,5,3,0,1
escea,issues,2,1,0,0,1
esphome,issues,452,15,0,0,0
essent,issues,9,5,0,0,9
eufylife_ble,issues,0,10,5,0,0
eurotronic_cometblue,issues,1,39,2,0,30
event,issues,63,2,0,0,2
everlights,main,2,0,0,0,0
evil_genius_labs,pass,10,0,0,0,1
evohome,no_tests,0,0,0,0,0
ezviz,main,39,0,0,0,0
faa_delays,issues,2,2,0,0,0
facebook,main,5,0,0,0,0
fail2ban,main,9,0,0,0,0
fan,no_op,431,0,0,0,0
fastdotcom,issues,4,4,0,0,6
feedreader,issues,16,15,0,0,30
ffmpeg,main,20,0,0,0,0
fibaro,issues,5,40,0,0,35
fido,main,2,0,0,0,0
file,issues,12,14,0,0,6
file_upload,main,6,0,0,0,0
filesize,issues,1,12,0,0,6
filter,issues,31,1,0,0,0
fing,issues,13,4,0,0,16
fints,main,6,0,0,0,0
firefly_iii,issues,6,20,0,0,15
fireservicerota,issues,4,1,1,0,1
firmata,main,4,0,0,0,1
fish_audio,main,22,0,0,0,0
fitbit,issues,0,60,11,0,49
fivem,main,5,0,0,0,1
fjaraskupan,issues,5,6,2,0,3
flexit_bacnet,issues,12,9,3,0,15
flic,main,1,0,0,0,0
flipr,issues,5,13,0,0,12
flo,issues,6,4,0,0,8
flume,issues,6,5,0,0,6
fluss,issues,15,20,6,0,25
flux,main,24,0,0,0,0
flux_led,issues,3,79,7,0,60
folder,main,2,0,0,0,0
folder_watcher,issues,3,7,0,0,2
foobot,main,4,0,0,0,0
forecast_solar,issues,17,11,0,0,23
forked_daapd,issues,25,11,22,0,10
foscam,main,12,0,0,0,0
freebox,no_op,46,0,0,0,0
freedns,main,2,0,0,0,0
freedompro,issues,37,1,0,0,2
freshr,issues,14,15,0,0,10
fressnapf_tracker,issues,36,9,0,0,31
fritz,issues,26,113,26,0,81
fritzbox,issues,37,95,1,0,120
fritzbox_callmonitor,issues,10,2,0,0,4
fronius,issues,26,10,0,0,30
frontend,issues,103,10,0,0,0
frontier_silicon,issues,6,17,0,0,1
fujitsu_fglair,issues,9,16,0,0,16
fully_kiosk,no_op,42,0,0,0,0
fumis,issues,64,8,0,0,21
fyta,issues,12,22,0,0,27
garage_door,no_op,806,0,0,0,0
garages_amsterdam,issues,4,2,0,0,4
gardena_bluetooth,timeout,0,0,0,0,0
gate,no_op,454,0,0,0,0
gdacs,issues,2,6,0,0,7
generic,main,65,0,0,0,0
generic_hygrostat,no_op,76,0,0,0,0
generic_thermostat,no_op,114,0,0,0,0
geniushub,issues,14,9,2,0,23
gentex_homelink,issues,0,13,7,0,9
geo_json_events,issues,2,3,0,0,5
geo_location,main,11,0,0,0,0
geo_rss_events,main,2,0,0,0,0
geocaching,issues,0,5,4,0,1
geofency,main,5,0,0,0,0
geonetnz_quakes,issues,2,7,0,0,4
geonetnz_volcano,issues,2,5,1,0,3
ghost,issues,9,18,0,0,15
gios,issues,12,6,0,0,10
github,issues,6,12,3,0,9
glances,issues,13,3,0,0,10
go2rtc,no_op,145,0,0,0,0
goalzero,issues,10,5,1,0,10
gogogate2,issues,4,11,0,0,9
goodwe,issues,2,4,0,0,5
google,issues,3,134,16,0,121
google_air_quality,issues,5,16,0,0,15
google_assistant,issues,233,2,0,0,0
google_assistant_sdk,issues,11,30,3,0,30
google_cloud,main,6,0,0,0,0
google_drive,issues,21,19,9,0,11
google_generative_ai_conversation,issues,104,2,0,0,0
google_health,no_tests,0,0,0,0,0
google_mail,issues,6,22,4,0,24
google_photos,issues,22,13,5,0,1
google_pubsub,main,9,0,0,0,0
google_sheets,issues,1,23,5,0,22
google_tasks,main,42,0,0,0,0
google_translate,main,18,0,0,0,0
google_travel_time,issues,28,16,0,0,14
google_weather,issues,8,37,0,0,34
google_wifi,main,16,0,0,0,0
govee_ble,issues,0,23,5,0,13
govee_light_local,issues,1,22,3,0,20
gpsd,main,2,0,0,0,1
gpslogger,main,3,0,0,0,0
graphite,issues,13,0,7,0,0
gree,issues,1,122,2,0,121
green_planet_energy,issues,14,7,19,0,13
greencell,no_tests,0,0,0,0,0
greeneye_monitor,main,19,0,0,0,0
group,pass,388,0,0,0,2
growatt_server,issues,50,99,33,0,89
guardian,issues,8,4,0,0,4
guntamatic,issues,0,15,0,0,6
habitica,issues,130,42,210,0,0
hanna,issues,0,5,5,0,0
hardkernel,issues,2,8,8,0,9
hardware,main,2,0,0,0,0
harmony,issues,17,5,1,0,11
hassio,issues,340,219,0,1,123
hddtemp,main,7,0,0,0,0
hdfury,issues,37,13,9,0,43
hdmi_cec,main,102,0,0,0,0
hegel,issues,9,3,2,0,4
helty,issues,18,6,0,0,24
heos,issues,19,130,2,0,135
here_travel_time,issues,14,25,0,0,30
hikvision,main,44,0,0,0,0
hisense_aehw4a1,main,4,0,0,0,2
history,main,60,0,0,0,0
history_stats,no_op,56,0,0,0,0
hive,issues,0,19,1,0,3
hko,issues,3,1,0,0,5
hlk_sw16,issues,2,2,0,0,0
holiday,issues,6,29,0,0,33
home_connect,no_tests,0,0,0,0,0
homeassistant,timeout,0,0,0,0,0
homeassistant_alerts,main,11,0,0,0,0
homeassistant_connect_zbt2,issues,0,0,26,0,0
homeassistant_green,issues,8,9,0,0,8
homeassistant_hardware,issues,0,0,1,0,0
homeassistant_sky_connect,issues,0,0,41,0,0
homeassistant_yellow,issues,0,0,1,0,0
homee,issues,148,60,4,0,194
homekit,pass,379,0,0,0,6
homekit_controller,no_op,347,0,0,0,0
homematic,main,5,0,0,0,0
homematicip_cloud,issues,45,152,1,0,151
homevolt,issues,22,11,0,0,7
homewizard,issues,114,48,0,0,33
homeworks,issues,20,18,1,0,28
honeywell,issues,24,20,0,0,37
honeywell_string_lights,issues,1,6,4,0,1
hr_energy_qube,issues,26,10,0,0,36
html5,issues,8,58,4,0,54
http,issues,169,41,1,0,0
huawei_lte,issues,24,12,0,0,13
hue,issues,48,67,2,0,135
hue_ble,issues,0,18,11,0,5
huisbaasje,issues,7,6,0,0,6
humidifier,issues,1227,1,0,0,1
humidity,no_op,4133,0,0,0,0
hunterdouglas_powerview,issues,33,6,0,0,30
husqvarna_automower,timeout,0,0,0,0,0
husqvarna_automower_ble,issues,1,42,8,0,25
huum,issues,21,13,0,0,7
hvv_departures,issues,6,3,0,0,4
hydrawise,issues,28,7,0,0,18
hyperion,main,61,0,0,0,0
hypontech,no_tests,0,0,0,0,0
ialarm,issues,6,2,1,0,6
iaqualink,issues,57,37,0,0,79
ibeacon,issues,2,22,2,0,21
icloud,issues,2,80,20,0,58
idasen_desk,issues,4,26,8,0,21
idrive_e2,issues,61,4,0,0,32
ifttt,issues,0,1,1,0,0
igloohome,issues,5,3,0,0,5
ign_sismologia,main,2,0,0,0,0
illuminance,no_op,1391,0,0,0,0
image,no_op,38,0,0,0,0
image_processing,main,7,0,0,0,0
image_upload,main,6,0,0,0,0
imap,issues,16,143,22,0,143
imeon_inverter,issues,12,5,0,0,14
imgw_pib,issues,7,9,0,0,8
immich,no_tests,0,0,0,0,0
imou,issues,39,10,0,0,0
improv_ble,issues,1,37,5,0,0
incomfort,issues,13,37,0,0,50
indevolt,no_tests,0,0,0,0,0
inels,issues,2,26,3,0,19
influxdb,issues,46,102,30,0,69
infrared,issues,17,7,0,0,1
inkbird,issues,0,18,5,0,8
input_boolean,main,18,0,0,0,0
input_button,main,15,0,0,0,0
input_datetime,main,28,0,0,0,0
input_number,main,24,0,0,0,0
input_select,main,26,0,0,0,0
input_text,main,23,0,0,0,0
insteon,issues,63,16,9,0,5
integration,no_op,61,0,0,0,0
intelliclima,issues,26,2,0,0,5
intellifire,issues,6,23,0,0,22
intent,issues,50,3,0,0,3
intent_script,main,12,0,0,0,0
iometer,issues,10,7,1,0,13
ios,issues,1,2,0,0,0
iotawatt,issues,5,4,0,0,7
iotty,issues,4,20,2,0,19
ipma,timeout,0,0,0,0,0
ipp,issues,22,7,0,0,10
iqvia,issues,3,2,0,0,2
irm_kmi,issues,10,3,0,0,12
iron_os,issues,0,95,6,0,85
isal,main,1,0,0,0,0
iskra,issues,11,2,0,0,13
islamic_prayer_times,issues,40,5,0,0,44
israel_rail,issues,0,14,0,0,11
iss,issues,14,3,0,0,5
ista_ecotrend,issues,27,22,0,0,12
isy994,issues,15,16,0,0,6
itach,main,11,0,0,0,0
ituran,issues,7,12,0,0,13
izone,issues,9,1,0,0,9
jellyfin,issues,32,14,0,0,11
jewish_calendar,issues,121,4,0,0,28
juicenet,main,1,0,0,0,0
justnimbus,issues,4,3,0,0,5
jvc_projector,issues,25,7,0,0,12
kaleidescape,issues,16,3,0,0,4
keenetic_ndms2,issues,9,5,1,0,4
kegtron,issues,0,12,5,0,2
keymitt_ble,issues,0,7,5,0,0
kiosker,issues,38,20,54,0,54
kira,main,6,0,0,0,0
kitchen_sink,issues,50,8,6,0,17
klik_aan_klik_uit,issues,1,5,5,0,0
kmtronic,issues,9,2,0,0,7
knocki,issues,9,8,0,0,16
knx,no_tests,0,0,0,0,0
kodi,issues,18,3,1,0,2
konnected,main,2,0,0,0,0
kostal_plenticore,issues,29,10,2,0,25
kraken,issues,7,4,0,0,10
kulersky,issues,7,10,3,0,2
labs,main,50,0,0,0,0
lacrosse_view,issues,22,7,0,0,23
lamarzocco,issues,16,74,13,0,61
lametric,issues,26,29,18,0,4
landisgyr_heat_meter,issues,0,9,4,0,6
lastfm,issues,13,2,0,0,16
launch_library,pass,2,0,0,0,1
laundrify,issues,15,3,0,0,5
lawn_mower,issues,902,1,0,0,1
lcn,issues,3,146,11,0,135
ld2410_ble,issues,0,7,5,0,1
leaone,issues,0,6,5,0,1
led_ble,issues,0,10,7,0,1
lektrico,issues,5,8,0,0,11
letpot,issues,22,18,0,0,32
lg_infrared,issues,54,10,0,0,1
lg_netcast,issues,3,20,9,0,14
lg_soundbar,issues,2,9,0,0,1
lg_thinq,issues,2,28,2,0,28
lg_tv_rs232,issues,13,11,8,0,2
libre_hardware_monitor,issues,10,16,2,0,19
lichess,issues,4,4,0,0,7
lidarr,issues,8,4,0,0,7
liebherr,issues,50,26,0,0,18
life360,main,1,0,0,0,0
lifx,issues,2,70,8,0,56
light,pass,1524,0,0,0,1
linkplay,issues,5,4,1,0,5
litejet,issues,18,14,0,0,27
litterrobot,issues,46,35,8,0,74
livisi,main,4,0,0,0,4
llama_cpp,issues,25,4,8,0,0
llm,main,7,0,0,0,0
local_calendar,issues,45,5,4,0,2
local_file,main,13,0,0,0,0
local_ip,issues,1,2,1,0,1
local_todo,main,56,0,0,0,0
locative,main,5,0,0,0,0
lock,issues,751,1,0,0,0
logbook,issues,107,1,0,0,0
logger,issues,20,1,1,0,0
lojack,issues,11,5,0,0,16
london_air,main,2,0,0,0,0
london_underground,issues,10,2,0,0,5
lookin,issues,5,2,1,0,3
loqed,issues,6,14,4,0,5
lovelace,main,47,0,0,0,0
luftdaten,issues,6,5,1,0,8
lunatone,issues,24,16,1,0,33
lupusec,issues,0,5,0,0,0
lutron,issues,7,35,0,0,40
lutron_caseta,issues,28,35,0,0,48
lyric,issues,3,4,3,0,1
madvr,issues,11,6,0,0,14
mailgun,main,5,0,0,0,0
manual,main,79,0,0,0,0
manual_mqtt,main,60,0,0,0,0
marantz_infrared,issues,30,6,0,0,2
marytts,issues,2,2,0,0,0
mastodon,issues,16,73,0,0,79
matrix,main,37,0,0,0,0
matter,issues,303,125,299,1,56
maxcube,main,18,0,0,0,0
mazda,main,1,0,0,0,0
mcp,issues,1,56,31,0,25
mcp_server,issues,45,6,3,0,3
mealie,issues,78,16,0,0,0
meater,issues,6,4,0,0,9
medcom_ble,issues,0,9,7,0,0
media_extractor,issues,18,2,1,0,1
media_player,no_op,2351,0,0,0,0
media_source,main,57,0,0,0,0
melcloud,issues,14,10,0,0,7
melcloud_home,no_tests,0,0,0,0,0
melissa,main,3,0,0,0,0
melnor,issues,0,18,3,0,12
meraki,main,2,0,0,0,0
met,issues,7,11,0,0,10
met_eireann,issues,4,6,0,0,8
meteo_france,issues,3,3,0,0,5
meteo_lt,issues,3,4,0,0,3
meteoclimatic,main,3,0,0,0,1
metoffice,timeout,0,0,0,0,0
mfi,main,23,0,0,0,0
microbees,issues,0,9,7,0,7
microsoft,main,8,0,0,0,0
miele,issues,65,52,3,0,22
mikrotik,issues,10,11,0,0,15
mill,issues,24,7,0,0,10
min_max,main,20,0,0,0,0
minecraft_server,issues,16,24,0,0,40
minio,main,3,0,0,0,0
mitsubishi_comfort,issues,70,7,7,0,10
mjpeg,main,7,0,0,0,0
moat,issues,0,11,5,0,1
mobile_app,issues,144,22,7,0,21
mochad,main,12,0,0,0,0
modbus,main,451,0,0,7,0
modbus_connection,no_tests,0,0,0,0,0
modem_callerid,issues,0,9,3,0,3
modern_forms,issues,15,15,6,0,26
moehlenhoff_alpha2,issues,3,5,0,0,6
moisture,no_op,1393,0,0,0,0
mold_indicator,no_op,37,0,0,0,0
monarch_money,issues,0,5,0,0,1
monoprice,issues,1,22,3,0,20
monzo,issues,0,11,4,0,10
moon,issues,3,8,0,0,10
mopeka,issues,1,13,5,0,5
motion,no_op,358,0,0,0,0
motion_blinds,issues,1,11,7,0,1
motionblinds_ble,issues,1,42,5,0,37
motioneye,no_op,63,0,0,0,0
motionmount,issues,22,16,3,0,25
mpd,issues,6,1,1,0,6
mqtt,issues,2386,14,43,0,0
mqtt_eventstream,main,10,0,0,0,0
mqtt_json,main,9,0,0,0,0
mqtt_room,main,3,0,0,0,0
mqtt_statestream,main,17,0,0,0,0
mta,issues,18,9,0,0,24
mullvad,pass,4,0,0,0,1
music_assistant,issues,18,110,16,0,81
mutesync,main,5,0,0,0,1
my,main,1,0,0,0,0
myneomitis,issues,39,4,0,0,43
myq,main,1,0,0,0,0
mysensors,issues,45,16,0,0,13
mystrom,issues,6,18,3,0,18
mythicbeastsdns,main,3,0,0,0,0
myuplink,issues,18,20,6,0,16
nam,issues,22,17,2,0,19
namecheapdns,issues,5,15,0,0,13
nanoleaf,issues,24,6,1,0,20
nasweb,issues,0,15,8,0,7
neato,main,4,0,0,0,0
nederlandse_spoorwegen,issues,5,24,0,0,15
neopool,no_tests,0,0,0,0,0
ness_alarm,issues,30,9,2,0,25
nest,issues,193,6,0,0,0
netatmo,issues,171,1,4,0,0
netgear,issues,8,2,0,0,6
netgear_lte,issues,10,1,0,0,2
network,issues,11,6,8,0,0
nexia,issues,8,13,0,0,12
nextbus,issues,14,14,0,0,22
nextcloud,issues,8,10,0,0,14
nextdns,issues,23,30,8,0,45
nfandroidtv,issues,4,9,0,0,7
nibe_heatpump,issues,16,48,0,0,52
nice_go,issues,29,15,0,0,44
nightscout,issues,7,4,0,0,7
niko_home_control,issues,17,15,0,0,22
nina,issues,11,10,0,0,18
nintendo_parental_controls,issues,10,20,0,0,27
nmap_tracker,issues,0,13,10,0,3
nmbs,issues,2,3,0,0,2
no_ip,main,3,0,0,0,0
nobo_hub,issues,43,19,1,0,21
nordpool,timeout,0,0,0,0,0
notify,issues,19,12,0,0,12
notify_events,main,2,0,0,0,0
notion,issues,6,2,1,0,3
novy_cooker_hood,issues,10,19,13,0,5
nrgkick,issues,54,33,0,0,51
nsw_fuel_station,main,4,0,0,0,0
nsw_rural_fire_service_feed,main,2,0,0,0,0
ntfy,issues,21,64,58,0,66
nuheat,issues,8,1,0,0,5
nuki,issues,0,14,9,0,3
numato,main,25,0,0,0,0
number,issues,96,2,0,0,1
nut,issues,36,42,0,0,75
nws,timeout,0,0,0,0,0
nx584,main,17,0,0,0,0
nyt_games,issues,8,2,0,0,10
nzbget,issues,5,5,0,0,5
obihai,issues,4,1,0,0,1
occupancy,no_op,358,0,0,0,0
octoprint,main,36,0,0,0,0
ohme,issues,24,10,2,0,27
ollama,issues,95,1,0,0,0
omie,issues,23,7,22,0,22
omnilogic,issues,5,3,0,0,2
onboarding,issues,31,1,0,0,7
oncue,main,1,0,0,0,0
ondilo_ico,issues,3,14,1,0,15
onedrive,issues,23,56,12,0,55
onedrive_for_business,issues,17,21,12,0,14
onewire,issues,18,15,1,0,29
onkyo,issues,23,25,25,0,21
onvif,main,49,0,0,0,0
open_meteo,issues,2,3,0,0,5
open_router,main,43,0,0,0,0
openai_conversation,issues,174,2,0,0,0
openalpr_cloud,main,7,0,0,0,0
opendisplay,issues,13,58,16,0,33
openerz,main,1,0,0,0,0
openevse,issues,21,43,8,0,49
openexchangerates,issues,8,1,0,0,2
opengarage,issues,6,1,0,0,3
openhardwaremonitor,main,1,0,0,0,0
openhome,issues,9,2,0,0,6
openrgb,issues,33,36,0,0,47
opensensemap,issues,18,11,0,0,23
opensky,issues,7,5,0,0,11
opentherm_gw,issues,4,26,27,0,27
openuv,issues,4,7,0,0,5
openweathermap,issues,3,12,0,0,11
opnsense,issues,16,24,0,0,27
opower,issues,14,22,12,0,11
oralb,issues,0,14,5,0,3
orvibo,issues,10,5,5,0,7
osoenergy,issues,2,15,0,0,13
otbr,issues,58,45,16,0,21
otp,issues,1,6,0,0,2
ouman_eh_800,issues,57,16,0,0,18
ourgroceries,main,21,0,0,0,0
overkiz,no_tests,0,0,0,0,0
overseerr,issues,6,39,11,0,34
ovhcloud_ai_endpoints,issues,45,0,6,0,0
ovo_energy,issues,5,2,0,0,1
owntracks,issues,60,12,3,0,15
p1_monitor,issues,10,3,0,0,6
paj_gps,issues,17,6,0,0,23
palazzetti,issues,9,8,0,0,15
panasonic_viera,issues,21,11,4,0,13
panel_custom,main,6,0,0,0,0
paperless_ngx,issues,29,12,0,0,18
peblar,issues,33,29,1,0,23
peco,issues,13,20,0,0,32
pegel_online,issues,5,5,0,0,10
permobil,issues,3,6,0,0,0
persistent_notification,main,9,0,0,0,0
person,main,53,0,0,0,0
pglab,issues,15,6,3,0,1
philips_js,issues,6,10,0,0,6
pi_hole,issues,14,12,0,0,21
picnic,main,40,0,0,0,0
picotts,issues,7,5,0,0,0
pilight,no_tests,0,0,0,0,0
ping,issues,18,3,0,0,11
pjlink,issues,13,16,0,0,21
plaato,issues,3,10,8,0,2
plant,main,11,0,0,0,0
playstation_network,issues,2,66,0,0,60
plex,issues,8,45,16,0,29
plugwise,issues,50,38,3,0,23
plum_lightpad,main,1,0,0,0,0
point,issues,0,5,4,0,1
pooldose,issues,55,20,0,0,38
poolsense,issues,2,3,0,0,5
portainer,issues,39,49,31,0,77
power,no_op,1036,0,0,0,0
powerfox,issues,6,16,0,0,15
powerfox_local,issues,9,12,0,0,11
powerwall,issues,15,32,7,0,8
prana,issues,19,18,0,0,35
private_ble_device,issues,0,21,7,0,14
probe_plus,issues,0,6,4,0,0
profiler,issues,12,1,0,0,12
progettihwsw,issues,2,2,0,0,0
prometheus,no_op,51,0,0,0,0
prosegur,main,35,0,0,0,0
prowl,issues,15,9,0,0,14
proximity,main,33,0,0,0,0
proxmoxve,issues,67,34,19,0,82
prusalink,main,39,0,0,0,0
ps4,issues,18,23,0,0,27
ptdevices,issues,5,2,0,0,7
pterodactyl,issues,7,7,0,0,4
pure_energie,issues,7,1,0,0,4
purpleair,issues,18,2,0,0,14
push,main,2,0,0,0,0
pushbullet,issues,8,9,0,0,12
pushover,issues,8,8,0,0,10
pvoutput,issues,9,8,0,0,8
pvpc_hourly_pricing,issues,0,2,0,0,2
pyload,issues,22,45,8,0,41
python_script,main,29,0,0,0,0
qbittorrent,issues,6,2,1,0,2
qbus,issues,0,13,37,0,4
qingping,issues,0,15,5,0,4
qld_bushfire,main,2,0,0,0,0
qnap,issues,0,6,0,0,0
qnap_qsw,issues,12,6,1,0,11
quantum_gateway,main,3,0,0,0,0
qwikswitch,main,11,0,0,0,0
rabbitair,issues,9,1,0,0,5
rachio,issues,2,5,3,0,0
radarr,issues,20,12,0,0,26
radio_browser,issues,4,6,0,0,8
radio_frequency,issues,13,4,0,0,0
radiotherm,issues,4,3,0,0,1
rainbird,issues,43,29,0,0,51
rainforest_eagle,issues,9,3,0,0,2
rainforest_raven,issues,4,17,6,0,4
rainmachine,issues,8,14,4,0,12
random,issues,7,2,2,0,4
rapt_ble,issues,0,11,5,0,1
raspberry_pi,issues,0,18,0,0,16
rdw,issues,7,3,0,0,7
recollect_waste,issues,2,2,0,0,3
recorder,issues,933,2,0,17,0
recovery_mode,main,1,0,0,0,0
reddit,main,2,0,0,0,0
redgtech,issues,11,7,0,0,5
refoss,main,2,0,0,0,1
rehlko,issues,11,5,0,0,4
remember_the_milk,main,23,0,0,0,0
remote,no_op,391,0,0,0,0
remote_calendar,issues,17,28,2,0,40
renault,issues,28,80,0,0,102
renson,pass,4,0,0,0,2
reolink,issues,175,1,0,0,0
repairs,main,18,0,0,0,0
rest,issues,81,47,0,0,0
rest_command,issues,17,4,0,0,0
rflink,main,107,0,0,0,0
rfxtrx,issues,17,72,6,0,75
rhasspy,issues,1,2,1,0,1
ridwell,issues,11,3,0,0,4
ring,issues,106,7,0,0,0
risco,issues,58,11,1,0,17
rituals_perfume_genie,issues,2,25,0,0,22
rmvtransport,main,6,0,0,0,0
roborock,no_tests,0,0,0,0,0
roku,issues,56,11,1,0,14
romy,main,6,0,0,0,5
roomba,issues,30,8,2,0,27
roon,issues,0,5,0,0,0
route_b_smart_meter,issues,0,7,4,0,3
rova,issues,6,5,1,0,10
rpi_power,issues,6,4,4,0,8
rss_feed_template,main,2,0,0,0,0
ruckus_unleashed,issues,6,23,0,0,19
russound_rio,issues,18,32,1,0,43
ruuvi_gateway,issues,0,5,4,0,0
ruuvitag_ble,issues,0,13,5,0,3
rympro,issues,4,3,0,0,5
sabnzbd,issues,7,12,0,0,5
saj,issues,23,6,6,0,22
samsung_infrared,issues,56,4,0,0,0
samsungtv,issues,5,165,27,0,96
sandbox,issues,258,4,0,0,24
sanix,issues,0,6,4,0,2
satel_integra,issues,19,70,0,0,76
saunum,issues,49,19,4,0,33
scene,no_op,40,0,0,0,0
schedule,no_op,383,0,0,0,0
schlage,issues,40,10,0,0,5
scrape,issues,29,10,0,0,7
screenlogic,issues,21,13,0,0,19
script,timeout,0,0,0,0,0
search,no_op,1,0,0,0,0
season,issues,2,19,0,0,21
select,no_op,206,0,0,0,0
sense,issues,20,27,0,0,35
sensibo,issues,59,10,0,0,8
sensirion_ble,issues,0,11,5,0,1
sensor,issues,851,1,0,0,3
sensorpro,issues,0,11,5,0,1
sensorpush,issues,0,11,5,0,1
sensorpush_cloud,issues,0,5,0,0,2
sensoterra,issues,0,5,4,0,0
sentry,issues,20,4,0,0,3
senz,issues,2,19,5,0,16
seventeentrack,issues,14,2,0,0,15
sfr_box,issues,3,23,0,0,15
sftp_storage,issues,21,13,11,0,7
sharkiq,issues,40,1,0,0,1
shell_command,issues,12,2,0,0,0
shelly,issues,61,581,64,0,492
shopping_list,issues,59,1,0,0,0
sia,issues,19,3,0,0,3
sigfox,main,2,0,0,0,0
sighthound,main,6,0,0,0,0
signal_messenger,issues,16,8,0,0,0
simplefin,issues,9,3,0,0,12
simplepush,issues,3,2,0,0,4
simplisafe,issues,11,6,0,0,11
siren,no_op,365,0,0,0,0
sky_remote,issues,6,3,0,0,9
skybell,main,8,0,0,0,0
slack,issues,11,2,0,0,5
sleep_as_android,issues,0,44,1,0,43
sleepiq,issues,15,18,0,0,26
slide_local,issues,26,23,8,0,27
slimproto,issues,1,1,0,0,2
sma,issues,20,14,0,0,17
smappee,issues,1,19,10,0,1
smarla,issues,26,11,0,0,37
smart_meter_texas,issues,8,8,0,0,9
smartthings,issues,20,320,8,0,329
smarttub,issues,35,5,0,0,6
smarty,issues,0,12,0,0,8
smhi,issues,10,10,0,0,6
smlight,no_tests,0,0,0,0,0
smtp,issues,20,31,23,0,24
snapcast,issues,6,12,1,0,17
snmp,main,12,0,0,0,0
snoo,issues,10,11,0,0,19
snooz,issues,18,19,7,0,4
solaredge,issues,4,59,18,0,45
solarlog,issues,6,20,0,0,17
solarman,issues,10,7,0,0,12
solax,issues,0,3,0,0,0
soma,issues,6,1,0,0,2
somfy_mylink,issues,5,6,0,0,2
sonarr,issues,51,10,0,0,16
songpal,issues,9,17,0,0,20
sonos,issues,102,79,3,0,46
soundtouch,issues,4,27,0,0,35
spaceapi,main,5,0,0,0,0
spc,main,3,0,0,0,0
speedtestdotnet,issues,1,7,0,0,7
spider,main,1,0,0,0,0
splunk,issues,24,15,0,0,26
spotify,issues,3,67,6,0,63
sql,issues,45,36,3,0,32
squeezebox,issues,104,26,8,0,22
srp_energy,issues,10,9,9,0,2
ssdp,no_op,27,0,0,0,0
starline,main,4,0,0,0,1
starlink,issues,3,5,0,0,8
startca,main,4,0,0,0,0
statistics,no_op,56,0,0,0,0
statsd,main,5,0,0,0,0
steam_online,issues,10,20,7,0,16
steamist,issues,0,23,6,0,8
stiebel_eltron,issues,22,4,0,0,24
stookwijzer,issues,8,4,0,0,7
stream,main,71,0,0,0,0
streamlabswater,issues,2,4,0,0,4
stt,issues,28,8,0,0,8
subaru,issues,57,3,0,0,24
suez_water,issues,4,15,0,0,17
sun,issues,97,4,0,1,10
sunricher_dali,issues,42,8,0,0,13
sunweg,issues,0,1,0,0,2
surepetcare,issues,10,5,0,0,2
swiss_public_transport,issues,10,26,8,0,27
swisscom,issues,4,2,1,0,5
switch,no_op,744,0,0,0,0
switch_as_x,no_op,176,0,0,0,0
switchbee,issues,3,3,0,0,1
switchbot,issues,2,405,24,0,371
switchbot_cloud,issues,4,244,4,0,244
switcher_kis,issues,11,67,0,0,74
syncthing,issues,12,6,1,0,7
syncthru,issues,4,5,0,0,7
synology_dsm,no_tests,0,0,0,0,0
system_bridge,issues,6,33,12,0,18
system_health,main,5,0,0,0,0
system_log,main,21,0,0,0,0
systemmonitor,issues,24,12,0,0,31
systemnexa2,issues,26,8,0,0,26
tado,issues,32,9,7,0,3
tag,main,12,0,0,0,0
tailscale,issues,10,4,0,0,5
tailwind,issues,25,11,0,0,13
tami4,issues,3,11,0,0,5
tankerkoenig,issues,17,4,1,0,10
tasmota,no_op,217,0,0,0,0
tautulli,issues,4,4,1,0,6
tcp,main,13,0,0,0,0
technove,issues,25,15,0,0,12
tedee,issues,17,24,9,0,17
telegram,main,2,0,0,0,0
telegram_bot,issues,33,90,43,0,83
teleinfo,issues,0,24,6,0,13
tellduslive,no_op,15,0,0,0,0
teltonika,issues,34,11,0,0,19
temper,main,1,0,0,0,0
temperature,no_op,4137,0,0,0,0
template,timeout,0,0,0,0,0
tesla_fleet,issues,27,139,15,0,130
tesla_wall_connector,issues,9,3,0,0,8
teslemetry,issues,0,0,2,0,0
tessie,issues,39,36,0,0,53
text,no_op,169,0,0,0,0
thermobeacon,issues,0,11,5,0,1
thermopro,issues,5,13,5,0,3
thethingsnetwork,issues,6,2,0,0,8
thread,issues,70,14,3,0,0
threshold,no_op,114,0,0,0,0
tibber,issues,23,69,11,0,58
tile,issues,7,4,1,0,7
tilt_ble,issues,0,11,5,0,1
tilt_pi,issues,3,3,1,0,4
time,main,1,0,0,0,0
time_date,issues,12,6,0,0,34
timer,no_op,868,0,0,0,0
tod,issues,30,2,0,0,3
todo,issues,237,80,0,0,81
todoist,main,50,0,0,0,0
togrill,issues,1,61,6,0,56
tolo,issues,4,3,0,0,2
tomato,main,13,0,0,0,0
tomorrowio,timeout,0,0,0,0,0
toon,issues,0,10,6,0,3
totalconnect,issues,45,21,1,0,62
touchline,issues,4,4,0,0,5
touchline_sl,issues,9,6,0,0,10
tplink,timeout,0,0,0,0,0
tplink_lte,main,1,0,0,0,0
tplink_omada,issues,44,13,0,0,23
traccar,main,5,0,0,0,0
traccar_server,issues,7,5,0,0,11
trace,timeout,0,0,0,0,0
tractive,issues,5,7,36,0,2
tradfri,issues,71,20,0,0,79
trafikverket_camera,issues,30,1,0,0,0
trafikverket_ferry,issues,8,5,0,0,3
trafikverket_train,issues,19,22,0,0,13
trafikverket_weatherstation,issues,5,11,0,0,0
trane,issues,34,5,0,0,23
transmission,issues,46,29,1,0,63
transport_nsw,main,2,0,0,0,0
trend,no_op,41,0,0,0,0
triggercmd,issues,3,2,0,0,4
trmnl,issues,26,10,3,0,25
tts,issues,96,22,22,0,21
tuya,issues,189,5,0,0,0
twentemilieu,issues,13,4,0,0,8
twilio,issues,0,1,1,0,0
twinkly,issues,16,10,1,0,22
twitch,issues,1,15,1,0,15
uhoo,issues,11,13,0,0,18
uk_transport,main,2,0,0,0,0
ukraine_alarm,issues,8,3,0,0,4
unifi,issues,111,52,0,0,48
unifi_access,issues,113,45,6,0,52
unifi_direct,issues,6,3,2,0,7
unifi_discovery,issues,7,3,6,0,0
unifiprotect,no_tests,0,0,0,0,0
universal,issues,40,3,0,0,0
upb,issues,4,3,0,0,5
upcloud,issues,5,1,0,0,3
update,issues,243,1,0,0,1
upnp,issues,3,20,2,0,6
uptime,issues,3,1,0,0,2
uptime_kuma,issues,15,23,0,0,24
uptimerobot,issues,21,14,2,0,24
usage_prediction,main,12,0,0,0,0
usb,issues,39,1,0,0,0
usgs_earthquakes_feed,main,2,0,0,0,0
utility_meter,no_op,95,0,0,0,0
uvc,main,22,0,0,0,0
v2c,issues,9,9,0,0,17
vacuum,issues,942,25,0,0,25
vallox,issues,70,17,0,0,85
valve,issues,460,2,0,0,2
vegehub,issues,1,17,7,0,3
velbus,issues,0,62,12,0,49
velux,issues,56,24,1,0,10
venstar,issues,3,9,0,0,11
vera,issues,8,21,0,0,29
verisure,issues,45,0,2,0,0
version,issues,9,1,0,0,10
vesync,issues,108,67,0,0,134
vicare,issues,31,30,4,0,28
victron_ble,issues,1,35,8,0,21
victron_gx,issues,46,16,0,0,17
victron_remote_monitoring,issues,17,5,0,0,13
vilfo,issues,8,3,0,0,10
vistapool,no_tests,0,0,0,0,0
vivotek,main,7,0,0,0,0
vizio,issues,16,65,0,0,71
vlc_telnet,issues,35,4,1,0,3
vodafone_station,issues,26,29,8,0,45
voicerss,main,8,0,0,0,0
voip,main,33,0,0,0,0
volumio,issues,5,4,0,0,2
volvo,issues,14,109,4,0,108
volvooncall,issues,2,2,0,0,2
wake_on_lan,issues,15,1,0,0,3
wake_word,issues,8,4,0,0,4
wallbox,issues,33,7,0,0,37
waqi,issues,12,8,0,0,10
water_heater,issues,3168,1,0,0,1
waterfurnace,issues,40,37,0,0,22
watergate,issues,0,16,4,0,12
watts,issues,3,49,10,0,41
watttime,issues,9,3,0,0,4
wattwaechter,no_tests,0,0,0,0,0
waze_travel_time,issues,10,14,0,0,14
weather,issues,56,38,0,0,38
weatherflow,issues,4,1,1,0,4
weatherflow_cloud,issues,10,7,0,0,8
weatherkit,issues,16,19,0,0,14
web_rtc,main,7,0,0,0,0
webdav,issues,24,4,0,0,12
webhook,main,30,0,0,0,0
webmin,issues,8,4,0,0,5
webostv,issues,26,57,2,0,81
websocket_api,issues,177,2,0,0,2
weheat,issues,4,14,6,0,12
wemo,timeout,0,0,0,0,0
whirlpool,issues,187,60,14,0,211
whois,issues,29,12,0,0,13
wiffi,issues,3,1,0,0,1
wiim,issues,4,27,1,0,26
wilight,issues,15,7,0,0,16
window,no_op,806,0,0,0,0
withings,issues,5,58,5,0,60
wiz,issues,2,56,11,0,32
wled,issues,72,29,0,0,25
wmspro,issues,27,33,0,0,56
wolflink,issues,9,18,1,0,20
workday,issues,45,28,0,0,74
worldclock,issues,5,1,0,0,3
ws66i,issues,6,18,0,0,20
wsdot,issues,11,5,0,0,8
wyoming,issues,90,2,0,0,0
xbox,issues,3,196,5,0,189
xiaomi,main,5,0,0,0,0
xiaomi_aqara,issues,2,10,0,0,0
xiaomi_ble,issues,0,92,15,0,58
xiaomi_miio,issues,7,44,0,0,31
xthings_cloud,issues,23,8,0,0,31
yale,main,67,0,0,0,0
yale_smart_alarm,issues,21,17,0,0,12
yalexs_ble,issues,0,27,14,0,3
yamaha,main,15,0,0,0,0
yamaha_musiccast,issues,0,9,6,0,0
yandex_transport,main,6,0,0,0,0
yandextts,main,12,0,0,0,0
yardian,issues,5,12,0,0,17
yeelight,issues,0,62,6,0,43
yolink,issues,3,7,5,0,2
yoto,no_tests,0,0,0,0,0
youless,issues,1,3,0,0,2
youtube,issues,3,21,9,0,15
zamg,issues,7,2,0,0,7
zeroconf,no_op,61,0,0,0,0
zerproc,issues,7,3,0,0,3
zeversolar,issues,4,7,0,0,1
zha,no_tests,0,0,0,0,0
zimi,issues,1,15,0,0,7
zinvolt,issues,5,9,0,0,11
zodiac,issues,1,4,0,0,4
zone,no_op,871,0,0,0,0
zoneminder,main,67,0,0,0,0
zwave_js,timeout,0,0,0,0,0
zwave_me,issues,2,6,0,0,3
